,filename,tags
0,S_1999_747-EN.pdf,public
1,OIOS-20040000-07.pdf,confidential
2,S_PRST_2000_35-EN.pdf,public
3,OIOS-20060823-01.pdf,confidential
4,OIOS-20050422-01.pdf,confidential
5,E_1999_107-EN.pdf,public
6,OIOS-20040000-06.pdf,confidential
7,OIOS-20050418-01.pdf,confidential
8,S_2001_386-EN.pdf,public
9,S_PRST_2003_1-EN.pdf,public
10,OIOS-20040000-04.pdf,confidential
11,S_2008_692-EN.pdf,public
12,OIOS-20060207-01.pdf,confidential
13,S_2000_815-EN.pdf,public
14,OIOS-20040000-05.pdf,confidential
15,A_HRC_7_69-EN.pdf,public
16,OIOS-20040000-01.pdf,confidential
17,OIOS-20041217-01.pdf,confidential
18,OIOS-20050707-01.pdf,confidential
19,OIOS-20070502-01.pdf,confidential
20,S_1999_999-EN.pdf,public
21,OIOS-20050420-03.pdf,confidential
22,OIOS-20040000-02.pdf,confidential
23,OIOS-20041122-01.pdf,confidential
24,S_2000_342-EN.pdf,public
25,OIOS-20050228-01.pdf,confidential
26,S_2000_525-EN.pdf,public
27,OIOS-20040000-03.pdf,confidential
28,S_2000_765-EN.pdf,public
29,OIOS-20050000-08.pdf,confidential
30,OIOS-20070202-01.pdf,confidential
31,OIOS-20050000-09.pdf,confidential
32,OIOS-20041213-01.pdf,confidential
33,OIOS-20040823-01.pdf,confidential
34,OIOS-20040728-03.pdf,confidential
35,OIOS-20060913-01.pdf,confidential
36,OIOS-20041026-01.pdf,confidential
37,OIOS-20070705-01.pdf,confidential
38,OIOS-20050304-01.pdf,confidential
39,OIOS-20061219-01.pdf,confidential
40,OIOS-20061207-01.pdf,confidential
41,OIOS-20040728-02.pdf,confidential
42,S_2002_1376-EN.pdf,public
43,A_60_720_Corr.1-EN.pdf,public
44,OIOS-20041203-02.pdf,confidential
45,S_PV.4559-EN.pdf,public
46,OIOS-20051212-01.pdf,confidential
47,S_2001_382-EN.pdf,public
48,S_PV.4232-EN.pdf,public
49,OIOS-20040728-04.pdf,confidential
50,OIOS-20060227-01.pdf,confidential
51,OIOS-20050000-01.pdf,confidential
52,S_2000_830-EN.pdf,public
53,OIOS-20050523-02.pdf,confidential
54,OIOS-20041216-04.pdf,confidential
55,E_1999_106-EN.pdf,public
56,S_2000_457-EN.pdf,public
57,OIOS-20050000-02.pdf,confidential
58,OIOS-20070130-01.pdf,confidential
59,S_PRST_2004_13-EN.pdf,public
60,S_1999_758-EN.pdf,public
61,OIOS-20070702-01.pdf,confidential
62,OIOS-20060804-01.pdf,confidential
63,OIOS-20041216-03.pdf,confidential
64,OIOS-20070728-01.pdf,confidential
65,OIOS-20070628-01.pdf,confidential
66,OIOS-20050110-02.pdf,confidential
67,S_1999_1089-EN.pdf,public
68,OIOS-20050000-12.pdf,confidential
69,OIOS-20050000-06.pdf,confidential
70,OIOS-20060727-01.pdf,confidential
71,OIOS-20070815-01.pdf,confidential
72,S_2000_343-EN.pdf,public
73,OIOS-20070628-02.pdf,confidential
74,S_1999_1019-EN.pdf,public
75,OIOS-20050110-01.pdf,confidential
76,S_2000_603-EN.pdf,public
77,OIOS-20050000-10.pdf,confidential
78,OIOS-20050000-04.pdf,confidential
79,OIOS-20050000-11.pdf,confidential
80,S_2015_242-EN.pdf,public
81,OIOS-20060727-02.pdf,confidential
82,OIOS-20070628-03.pdf,confidential
83,S_PV.4823-EN.pdf,public
84,S_1999_828-EN.pdf,public
85,OIOS-20041027-01.pdf,confidential
86,OIOS-20070716-01.pdf,confidential
87,S_2013_72-EN.pdf,public
88,OIOS-20060719-01.pdf,confidential
89,OIOS-20051213-05.pdf,confidential
90,S_1999_1056-EN.pdf,public
91,OIOS-20060328-01.pdf,confidential
92,OIOS-20050114-01.pdf,confidential
93,S_2000_1147-EN.pdf,public
94,OIOS-20040727-01.pdf,confidential
95,S_2000_588-EN.pdf,public
96,OIOS-20050923-01.pdf,confidential
97,S_2011_514-EN.pdf,public
98,OIOS-20040816-01.pdf,confidential
99,OIOS-20051010-01.pdf,confidential
100,OIOS-20050427-01.pdf,confidential
101,A_60_720-EN.pdf,confidential
102,A_60_720_Add.1-EN.pdf,public
103,S_PRST_2008_44-EN.pdf,public
104,OIOS-20050207-01.pdf,confidential
105,S_2004_348-EN.pdf,public
106,OIOS-20051024-04.pdf,confidential
107,OIOS-20050907-03.pdf,confidential
108,S_1999_766-EN.pdf,public
109,S_2012_603-EN.pdf,public
110,S_2012_275-EN.pdf,public
111,S_2011_281-EN.pdf,public
112,S_2012_818-EN.pdf,public
113,S_2012_72-EN.pdf,public
